,Unnamed: 0,Unnamed: 0.1,path_signal,path_target,path_signal_transformed,path_prediction,path_prediction_unpropped,mbp_file,tform,predicted_tform,pixel_error
0,0,0,/allen/aics/modeling/data/registration_test_data/M247514_Rorb_1/EMraw/ribbon0000/M247514_Rorb_1_Ribbon0000_data/session_1836000179/Site 3/S_000_2098862426/Tile_r3-c3_S_000_209886_flip_flip.tif,,00/signal_transformed.tiff,00/prediction.tiff,00/prediction_unpropped.tiff,file:/nas3/data/M247514_Rorb_1/processed/deconvolveddata_new/Ribbon0000/Session0003/MBP/MBP_S0000_F0011_Z00.tif,-0.0046437579 -0.0988964310 0.0986405968 -0.0049864782 272.7674635255 1446.6632990887,-0.006105 -0.099813 0.099813 -0.006105 272.718531 1449.438750,1.1637061287495287
1,1,1,/allen/aics/modeling/data/registration_test_data/M247514_Rorb_1/EMraw/ribbon0000/M247514_Rorb_1_Ribbon0000_take3_data/session_1840855416/Site 4/S_001_558789997/Tile_r3-c1_S_001_55878_flip_flip.tif,,01/signal_transformed.tiff,01/prediction.tiff,01/prediction_unpropped.tiff,file:/nas3/data/M247514_Rorb_1/processed/deconvolveddata_new/Ribbon0000/Session0003/MBP/MBP_S0001_F0004_Z00.tif,-0.0258190579 -0.0923587083 0.0920648067 -0.0260278643 1670.9884217326 1232.8813690198,-0.026724 -0.096363 0.096363 -0.026724 1668.770594 1233.315162,3.161093142077905
2,2,2,/allen/aics/modeling/data/registration_test_data/M247514_Rorb_1/EMraw/ribbon0000/M247514_Rorb_1_Ribbon0000_data/session_1836000179/Site 3/S_002_141525203/Tile_r3-c2_S_002_14152_flip_flip.tif,,02/signal_transformed.tiff,02/prediction.tiff,02/prediction_unpropped.tiff,file:/nas3/data/M247514_Rorb_1/processed/deconvolveddata_new/Ribbon0000/Session0003/MBP/MBP_S0002_F0011_Z00.tif,-0.0077234501 -0.0986511247 0.0984965620 -0.0083367948 292.0067838497 1568.9451232418,-0.008716 -0.099619 0.099619 -0.008716 290.822078 1570.251283,0.9830609846850537
3,3,3,/allen/aics/modeling/data/registration_test_data/M247514_Rorb_1/EMraw/ribbon0000/M247514_Rorb_1_Ribbon0000_take3_data/session_1840855416/Site 4/S_003_154817972/Tile_r2-c3_S_003_15481_flip_flip.tif,,03/signal_transformed.tiff,03/prediction.tiff,03/prediction_unpropped.tiff,file:/nas3/data/M247514_Rorb_1/processed/deconvolveddata_new/Ribbon0000/Session0003/MBP/MBP_S0003_F0005_Z00.tif,-0.0280450325 -0.0918942940 0.0911787809 -0.0277712975 55.0267176645 954.6223650620,-0.073076 -0.068264 0.068264 -0.073076 934.609146 1119.004595,976.7943506769504
4,4,4,/allen/aics/modeling/data/registration_test_data/M247514_Rorb_1/EMraw/ribbon0000/M247514_Rorb_1_Ribbon0000_take2_data/session_1348845486/Site 5/S_004_564528805/Tile_r1-c2_S_004_56452_flip_flip.tif,,04/signal_transformed.tiff,04/prediction.tiff,04/prediction_unpropped.tiff,file:/nas3/data/M247514_Rorb_1/processed/deconvolveddata_new/Ribbon0000/Session0003/MBP/MBP_S0004_F0013_Z00.tif,-0.0002150571 0.0973786446 -0.0966739213 0.0001099492 373.1884153249 1334.0180202426,0.001658 0.099986 -0.099986 0.001658 369.746201 1330.766819,4.6574856305198375
5,5,5,/allen/aics/modeling/data/registration_test_data/M247514_Rorb_1/EMraw/ribbon0000/M247514_Rorb_1_Ribbon0000_take2_data/session_1348845486/Site 5/S_005_685488446/Tile_r1-c1_S_005_68548_flip_flip.tif,,05/signal_transformed.tiff,05/prediction.tiff,05/prediction_unpropped.tiff,file:/nas3/data/M247514_Rorb_1/processed/deconvolveddata_new/Ribbon0000/Session0003/MBP/MBP_S0005_F0013_Z00.tif,-0.0001816753 0.0971506793 -0.0967384604 -0.0000949872 386.6011224348 1219.9608292055,0.001658 0.099986 -0.099986 0.001658 383.746201 1215.766819,4.665189162100051
6,6,6,/allen/aics/modeling/data/registration_test_data/M247514_Rorb_1/EMraw/ribbon0000/M247514_Rorb_1_Ribbon0000_data/session_1836000179/Site 3/S_006_458731990/Tile_r1-c1_S_006_45873_flip_flip.tif,,06/signal_transformed.tiff,06/prediction.tiff,06/prediction_unpropped.tiff,file:/nas3/data/M247514_Rorb_1/processed/deconvolveddata_new/Ribbon0000/Session0003/MBP/MBP_S0006_F0011_Z00.tif,-0.0105788207 -0.0984169073 0.0984430985 -0.0104435120 560.9311128579 1613.6269016693,-0.011320 -0.099357 0.099357 -0.011320 561.972352 1614.008130,0.6449551959203662
7,7,7,/allen/aics/modeling/data/registration_test_data/M247514_Rorb_1/EMraw/ribbon0000/M247514_Rorb_1_Ribbon0000_take2_data/session_1348845486/Site 5/S_007_773037341/Tile_r2-c2_S_007_77303_flip_flip.tif,,07/signal_transformed.tiff,07/prediction.tiff,07/prediction_unpropped.tiff,file:/nas3/data/M247514_Rorb_1/processed/deconvolveddata_new/Ribbon0000/Session0003/MBP/MBP_S0007_F0013_Z00.tif,0.0027165720 0.0972278290 -0.0971196320 0.0024731937 513.6815852257 1366.4800387804,0.003403 0.099942 -0.099942 0.003403 515.404516 1362.491381,1.6596349291185963
8,8,8,/allen/aics/modeling/data/registration_test_data/M247514_Rorb_1/EMraw/ribbon0000/M247514_Rorb_1_Ribbon0000_take2_data/session_1348845486/Site 5/S_008_1481721747/Tile_r2-c2_S_008_148172_flip_flip.tif,,08/signal_transformed.tiff,08/prediction.tiff,08/prediction_unpropped.tiff,file:/nas3/data/M247514_Rorb_1/processed/deconvolveddata_new/Ribbon0000/Session0003/MBP/MBP_S0008_F0013_Z00.tif,0.0039479601 0.0974094081 -0.0972953712 0.0037068620 514.3999347976 1359.9458846781,0.005146 0.099867 -0.099867 0.005146 515.040777 1355.239553,2.2761440057437663
9,9,9,/allen/aics/modeling/data/registration_test_data/M247514_Rorb_1/EMraw/ribbon0000/M247514_Rorb_1_Ribbon0000_data/session_1836000179/Site 3/S_009_53463499/Tile_r2-c3_S_009_5346_flip_flip.tif,,09/signal_transformed.tiff,09/prediction.tiff,09/prediction_unpropped.tiff,file:/nas3/data/M247514_Rorb_1/processed/deconvolveddata_new/Ribbon0000/Session0003/MBP/MBP_S0009_F0011_Z00.tif,-0.0120881363 -0.0984890986 0.0983315505 -0.0119343495 423.9355576850 1393.6884839635,-0.013053 -0.099144 0.099144 -0.013053 425.431100 1394.147829,0.7222782649995582
10,10,10,/allen/aics/modeling/data/registration_test_data/M247514_Rorb_1/EMraw/ribbon0000/M247514_Rorb_1_Ribbon0000_data/session_1836000179/Site 3/S_010_1650204923/Tile_r1-c3_S_010_165020_flip_flip.tif,,10/signal_transformed.tiff,10/prediction.tiff,10/prediction_unpropped.tiff,file:/nas3/data/M247514_Rorb_1/processed/deconvolveddata_new/Ribbon0000/Session0003/MBP/MBP_S0010_F0011_Z00.tif,-0.0121937749 -0.0984344347 0.0983474499 -0.0120742526 537.7347595863 1389.9070409400,-0.013053 -0.099144 0.099144 -0.013053 538.431100 1391.147829,0.7568139457502023
11,11,11,/allen/aics/modeling/data/registration_test_data/M247514_Rorb_1/EMraw/ribbon0000/M247514_Rorb_1_Ribbon0000_take3_data/session_1840855416/Site 4/S_011_1090235070/Tile_r1-c2_S_011_109023_flip_flip.tif,,11/signal_transformed.tiff,11/prediction.tiff,11/prediction_unpropped.tiff,file:/nas3/data/M247514_Rorb_1/processed/deconvolveddata_new/Ribbon0000/Session0003/MBP/MBP_S0011_F0013_Z00.tif,-0.0318472530 -0.0901822290 0.0899800036 -0.0319275497 335.0213004981 1001.9210382004,-0.094805 -0.031813 0.031813 -0.094805 1494.243572 293.963387,357.10270786245025
12,12,12,/allen/aics/modeling/data/registration_test_data/M247514_Rorb_1/EMraw/ribbon0000/M247514_Rorb_1_Ribbon0000_take2_data/session_1348845486/Site 3/S_012_1027389675/Tile_r2-c1_S_012_102738_flip_flip.tif,,12/signal_transformed.tiff,12/prediction.tiff,12/prediction_unpropped.tiff,file:/nas3/data/M247514_Rorb_1/processed/deconvolveddata_new/Ribbon0000/Session0003/MBP/MBP_S0012_F0007_Z00.tif,0.0012769365 0.0964775369 -0.0964465758 0.0030938564 310.0697817418 236.4598277600,-0.065540 -0.075528 0.075528 -0.065540 1583.508877 1155.801149,2091.2368418752
13,13,13,/allen/aics/modeling/data/registration_test_data/M247514_Rorb_1/EMraw/ribbon0000/M247514_Rorb_1_Ribbon0000_take2_data/session_1348845486/Site 5/S_013_498536366/Tile_r1-c1_S_013_49853_flip_flip.tif,,13/signal_transformed.tiff,13/prediction.tiff,13/prediction_unpropped.tiff,file:/nas3/data/M247514_Rorb_1/processed/deconvolveddata_new/Ribbon0000/Session0003/MBP/MBP_S0013_F0010_Z00.tif,0.0060016391 0.0970496532 -0.0963983681 0.0062680167 344.7750440823 1259.6759957296,0.007759 0.099699 -0.099699 0.007759 343.954725 1256.406911,2.439977214050882
14,14,14,/allen/aics/modeling/data/registration_test_data/M247514_Rorb_1/EMraw/ribbon0000/M247514_Rorb_1_Ribbon0000_data/session_1836000179/Site 3/S_014_2040814785/Tile_r2-c3_S_014_204081_flip_flip.tif,,14/signal_transformed.tiff,14/prediction.tiff,14/prediction_unpropped.tiff,file:/nas3/data/M247514_Rorb_1/processed/deconvolveddata_new/Ribbon0000/Session0003/MBP/MBP_S0014_F0015_Z00.tif,-0.0149887908 -0.0979011086 0.0977389365 -0.0148744351 426.1535415576 1360.6706752836,-0.015643 -0.098769 0.098769 -0.015643 426.655959 1360.809210,0.6168458850571628
15,15,15,/allen/aics/modeling/data/registration_test_data/M247514_Rorb_1/EMraw/ribbon0000/M247514_Rorb_1_Ribbon0000_take2_data/session_1348845486/Site 5/S_015_560144921/Tile_r2-c1_S_015_56014_flip_flip.tif,,15/signal_transformed.tiff,15/prediction.tiff,15/prediction_unpropped.tiff,file:/nas3/data/M247514_Rorb_1/processed/deconvolveddata_new/Ribbon0000/Session0003/MBP/MBP_S0015_F0010_Z00.tif,0.0069346781 0.0972183731 -0.0970516249 0.0067185624 491.5411822984 1260.0138145860,0.007759 0.099699 -0.099699 0.007759 492.954725 1258.406911,1.5719995479994444
16,16,16,/allen/aics/modeling/data/registration_test_data/M247514_Rorb_1/EMraw/ribbon0000/M247514_Rorb_1_Ribbon0000_take2_data/session_1348845486/Site 4/S_016_673357884/Tile_r1-c1_S_016_67335_flip_flip.tif,,16/signal_transformed.tiff,16/prediction.tiff,16/prediction_unpropped.tiff,file:/nas3/data/M247514_Rorb_1/processed/deconvolveddata_new/Ribbon0000/Session0003/MBP/MBP_S0016_F0008_Z00.tif,0.0046974043 0.0977332210 -0.0975185282 0.0047854456 246.5038615321 573.1310040233,0.006018 0.099819 -0.099819 0.006018 247.350766 572.622612,2.173534685399115
17,17,17,/allen/aics/modeling/data/registration_test_data/M247514_Rorb_1/EMraw/ribbon0000/M247514_Rorb_1_Ribbon0000_take2_data/session_1348845486/Site 5/S_017_1078503052/Tile_r1-c2_S_017_107850_flip_flip.tif,,17/signal_transformed.tiff,17/prediction.tiff,17/prediction_unpropped.tiff,file:/nas3/data/M247514_Rorb_1/processed/deconvolveddata_new/Ribbon0000/Session0003/MBP/MBP_S0017_F0010_Z00.tif,0.0080366620 0.0966748535 -0.0958910814 0.0085567947 414.1498101990 1397.5880668924,0.008629 0.099627 -0.099627 0.008629 414.248801 1394.808244,2.9791404689829393
18,18,18,/allen/aics/modeling/data/registration_test_data/M247514_Rorb_1/EMraw/ribbon0000/M247514_Rorb_1_Ribbon0000_data/session_1836000179/Site 3/S_018_1970714579/Tile_r3-c2_S_018_197071_flip_flip.tif,,18/signal_transformed.tiff,18/prediction.tiff,18/prediction_unpropped.tiff,file:/nas3/data/M247514_Rorb_1/processed/deconvolveddata_new/Ribbon0000/Session0003/MBP/MBP_S0018_F0015_Z00.tif,-0.0170106487 -0.0976211487 0.0974370150 -0.0168075163 353.6705520987 1489.3232433658,-0.017365 -0.098481 0.098481 -0.017365 353.163032 1489.884195,0.6125885362761458
19,19,19,/allen/aics/modeling/data/registration_test_data/M247514_Rorb_1/EMraw/ribbon0000/M247514_Rorb_1_Ribbon0000_take3_data/session_1840855416/Site 4/S_019_118780260/Tile_r1-c1_S_019_11878_flip_flip.tif,,19/signal_transformed.tiff,19/prediction.tiff,19/prediction_unpropped.tiff,file:/nas3/data/M247514_Rorb_1/processed/deconvolveddata_new/Ribbon0000/Session0003/MBP/MBP_S0019_F0013_Z00.tif,-0.0350863490 -0.0888548514 0.0887438848 -0.0351234130 244.3614591310 1074.9746823611,-0.096793 -0.025122 0.025122 -0.096793 1382.752800 202.436516,173.46585359360006
20,20,20,/allen/aics/modeling/data/registration_test_data/M247514_Rorb_1/EMraw/ribbon0000/M247514_Rorb_1_Ribbon0000_take3_data/session_1840855416/Site 4/S_020_1096225/Tile_r1-c1_S_020_109_flip_flip.tif,,20/signal_transformed.tiff,20/prediction.tiff,20/prediction_unpropped.tiff,file:/nas3/data/M247514_Rorb_1/processed/deconvolveddata_new/Ribbon0000/Session0003/MBP/MBP_S0020_F0013_Z00.tif,-0.0352581408 -0.0890773417 0.0888750279 -0.0352016992 230.2803299123 1075.7435610638,-0.093010 -0.036731 0.036731 -0.093010 1362.208826 200.305781,170.03001029700013
21,21,21,/allen/aics/modeling/data/registration_test_data/M247514_Rorb_1/EMraw/ribbon0000/M247514_Rorb_1_Ribbon0000_take2_data/session_1348845486/Site 4/S_021_1003190195/Tile_r2-c2_S_021_100319_flip_flip.tif,,21/signal_transformed.tiff,21/prediction.tiff,21/prediction_unpropped.tiff,file:/nas3/data/M247514_Rorb_1/processed/deconvolveddata_new/Ribbon0000/Session0003/MBP/MBP_S0021_F0008_Z00.tif,0.0071115032 0.0976547093 -0.0974046786 0.0071373032 310.0063016453 740.4855170282,0.007759 0.099699 -0.099699 0.007759 311.954725 737.406911,1.172571690927991
22,22,22,/allen/aics/modeling/data/registration_test_data/M247514_Rorb_1/EMraw/ribbon0000/M247514_Rorb_1_Ribbon0000_take3_data/session_1840855416/Site 4/S_022_975552340/Tile_r1-c2_S_022_97555_flip_flip.tif,,22/signal_transformed.tiff,22/prediction.tiff,22/prediction_unpropped.tiff,file:/nas3/data/M247514_Rorb_1/processed/deconvolveddata_new/Ribbon0000/Session0003/MBP/MBP_S0022_F0013_Z00.tif,-0.0363126942 -0.0887319497 0.0883233501 -0.0361429330 178.9186820537 969.8990608566,-0.031730 -0.094832 0.094832 -0.031730 166.673575 971.922123,4.736726210105643
23,23,23,/allen/aics/modeling/data/registration_test_data/M247514_Rorb_1/EMraw/ribbon0000/M247514_Rorb_1_Ribbon0000_data/session_1836000179/Site 3/S_023_1171667608/Tile_r1-c1_S_023_117166_flip_flip.tif,,23/signal_transformed.tiff,23/prediction.tiff,23/prediction_unpropped.tiff,file:/nas3/data/M247514_Rorb_1/processed/deconvolveddata_new/Ribbon0000/Session0003/MBP/MBP_S0023_F0015_Z00.tif,-0.0181099605 -0.0972697380 0.0972824851 -0.0179763680 611.8559487047 1533.9278694563,-0.019081 -0.098163 0.098163 -0.019081 612.688636 1533.932713,0.8918649515603273
24,24,24,/allen/aics/modeling/data/registration_test_data/M247514_Rorb_1/EMraw/ribbon0000/M247514_Rorb_1_Ribbon0000_data/session_1836000179/Site 3/S_024_1949453055/Tile_r1-c3_S_024_194945_flip_flip.tif,,24/signal_transformed.tiff,24/prediction.tiff,24/prediction_unpropped.tiff,file:/nas3/data/M247514_Rorb_1/processed/deconvolveddata_new/Ribbon0000/Session0003/MBP/MBP_S0024_F0015_Z00.tif,-0.0181292071 -0.0973832809 0.0973622707 -0.0180267867 565.1054752686 1313.6675568264,-0.019081 -0.098163 0.098163 -0.019081 565.688636 1313.932713,0.8113826152091319
25,25,25,/allen/aics/modeling/data/registration_test_data/M247514_Rorb_1/EMraw/ribbon0000/M247514_Rorb_1_Ribbon0000_take2_data/session_1348845486/Site 4/S_025_111389377/Tile_r1-c1_S_025_11138_flip_flip.tif,,25/signal_transformed.tiff,25/prediction.tiff,25/prediction_unpropped.tiff,file:/nas3/data/M247514_Rorb_1/processed/deconvolveddata_new/Ribbon0000/Session0003/MBP/MBP_S0025_F0008_Z00.tif,0.0073673967 0.0974147140 -0.0972020904 0.0073820859 181.5734961972 613.7827038034,-0.033463 0.094235 -0.094235 -0.033463 1067.773438 89.420963,300.46306540249986
26,26,26,/allen/aics/modeling/data/registration_test_data/M247514_Rorb_1/EMraw/ribbon0000/M247514_Rorb_1_Ribbon0000_take2_data/session_1348845486/Site 5/S_026_1770805695/Tile_r1-c2_S_026_177080_flip_flip.tif,,26/signal_transformed.tiff,26/prediction.tiff,26/prediction_unpropped.tiff,file:/nas3/data/M247514_Rorb_1/processed/deconvolveddata_new/Ribbon0000/Session0003/MBP/MBP_S0026_F0010_Z00.tif,0.0106679314 0.0967645824 -0.0966437693 0.0104017498 479.4383542267 1413.1519719814,0.011234 0.099367 -0.099367 0.011234 480.100061 1411.049521,1.378388161153828
27,27,27,/allen/aics/modeling/data/registration_test_data/M247514_Rorb_1/EMraw/ribbon0000/M247514_Rorb_1_Ribbon0000_take3_data/session_1840855416/Site 4/S_027_1192887092/Tile_r2-c3_S_027_119288_flip_flip.tif,,27/signal_transformed.tiff,27/prediction.tiff,27/prediction_unpropped.tiff,file:/nas3/data/M247514_Rorb_1/processed/deconvolveddata_new/Ribbon0000/Session0003/MBP/MBP_S0027_F0007_Z00.tif,-0.0373129092 -0.0883743317 0.0881111759 -0.0371977344 1628.8095104790 846.4405051037,0.099750 0.007063 -0.007063 0.099750 1564.484314 944.890266,239.69277706760005
28,28,28,/allen/aics/modeling/data/registration_test_data/M247514_Rorb_1/EMraw/ribbon0000/M247514_Rorb_1_Ribbon0000_data/session_1836000179/Site 3/S_028_1890010957/Tile_r2-c3_S_028_189001_flip_flip.tif,,28/signal_transformed.tiff,28/prediction.tiff,28/prediction_unpropped.tiff,file:/nas3/data/M247514_Rorb_1/processed/deconvolveddata_new/Ribbon0000/Session0003/MBP/MBP_S0028_F0015_Z00.tif,-0.0198314939 -0.0971733330 0.0970198234 -0.0197306190 472.1137364932 1319.2744169297,-0.020791 -0.097815 0.097815 -0.020791 473.232307 1319.954447,0.6724653803732646
29,29,29,/allen/aics/modeling/data/registration_test_data/M247514_Rorb_1/EMraw/ribbon0000/M247514_Rorb_1_Ribbon0000_take3_data/session_1840855416/Site 4/S_029_405433916/Tile_r3-c3_S_029_40543_flip_flip.tif,,29/signal_transformed.tiff,29/prediction.tiff,29/prediction_unpropped.tiff,file:/nas3/data/M247514_Rorb_1/processed/deconvolveddata_new/Ribbon0000/Session0003/MBP/MBP_S0029_F0007_Z00.tif,-0.0380069833 -0.0878489042 0.0876800282 -0.0379066937 1514.5566288131 915.3376640260,0.071934 -0.069466 0.069466 0.071934 1679.950137 1534.148893,949.0576766344004
30,30,30,/allen/aics/modeling/data/registration_test_data/M247514_Rorb_1/EMraw/ribbon0000/M247514_Rorb_1_Ribbon0000_take3_data/session_1840855416/Site 4/S_030_999060490/Tile_r2-c3_S_030_99906_flip_flip.tif,,30/signal_transformed.tiff,30/prediction.tiff,30/prediction_unpropped.tiff,file:/nas3/data/M247514_Rorb_1/processed/deconvolveddata_new/Ribbon0000/Session0003/MBP/MBP_S0030_F0005_Z00.tif,-0.0381337450 -0.0880995850 0.0878832953 -0.0381199228 76.4138595720 873.1210049002,-0.074256 -0.066978 0.066978 -0.074256 1295.458631 1552.925461,1844.85371667405
31,31,31,/allen/aics/modeling/data/registration_test_data/M247514_Rorb_1/EMraw/ribbon0000/M247514_Rorb_1_Ribbon0000_take3_data/session_1840855416/Site 4/S_031_724848405/Tile_r2-c3_S_031_72484_flip_flip.tif,,31/signal_transformed.tiff,31/prediction.tiff,31/prediction_unpropped.tiff,file:/nas3/data/M247514_Rorb_1/processed/deconvolveddata_new/Ribbon0000/Session0003/MBP/MBP_S0031_F0004_Z00.tif,-0.0383080518 -0.0878350396 0.0875347021 -0.0382466362 1689.8586794801 877.1066458743,0.097797 0.020877 -0.020877 0.097797 1136.309956 1482.995175,256.54035025785015
32,32,32,/allen/aics/modeling/data/registration_test_data/M247514_Rorb_1/EMraw/ribbon0000/M247514_Rorb_1_Ribbon0000_take2_data/session_1348845486/Site 4/S_032_400758841/Tile_r1-c2_S_032_40075_flip_flip.tif,,32/signal_transformed.tiff,32/prediction.tiff,32/prediction_unpropped.tiff,file:/nas3/data/M247514_Rorb_1/processed/deconvolveddata_new/Ribbon0000/Session0003/MBP/MBP_S0032_F0007_Z00.tif,0.0088217832 0.0973924595 -0.0971399983 0.0087556863 204.7052475035 760.8763294551,0.010366 0.099461 -0.099461 0.010366 202.821415 757.629504,2.9569213773858114
33,33,33,/allen/aics/modeling/data/registration_test_data/M247514_Rorb_1/EMraw/ribbon0000/M247514_Rorb_1_Ribbon0000_take2_data/session_1348845486/Site 5/S_033_2078107364/Tile_r2-c1_S_033_207810_flip_flip.tif,,33/signal_transformed.tiff,33/prediction.tiff,33/prediction_unpropped.tiff,file:/nas3/data/M247514_Rorb_1/processed/deconvolveddata_new/Ribbon0000/Session0003/MBP/MBP_S0033_F0013_Z00.tif,0.0118632845 0.0967665361 -0.0966213125 0.0116542877 521.8248048979 1300.6390800663,0.012966 0.099156 -0.099156 0.012966 523.642308 1298.908550,1.973210494485038
34,34,34,/allen/aics/modeling/data/registration_test_data/M247514_Rorb_1/EMraw/ribbon0000/M247514_Rorb_1_Ribbon0000_take2_data/session_1348845486/Site 4/S_034_1809625004/Tile_r2-c1_S_034_180962_flip_flip.tif,,34/signal_transformed.tiff,34/prediction.tiff,34/prediction_unpropped.tiff,file:/nas3/data/M247514_Rorb_1/processed/deconvolveddata_new/Ribbon0000/Session0003/MBP/MBP_S0034_F0007_Z00.tif,0.0088067968 0.0970983165 -0.0968740732 0.0089212791 329.7935496267 634.1232435161,0.010366 0.099461 -0.099461 0.010366 330.821415 631.629504,1.5771052173506448
35,35,35,/allen/aics/modeling/data/registration_test_data/M247514_Rorb_1/EMraw/ribbon0000/M247514_Rorb_1_Ribbon0000_data/session_1836000179/Site 3/S_035_66834885/Tile_r2-c3_S_035_6683_flip_flip.tif,,35/signal_transformed.tiff,35/prediction.tiff,35/prediction_unpropped.tiff,file:/nas3/data/M247514_Rorb_1/processed/deconvolveddata_new/Ribbon0000/Session0003/MBP/MBP_S0035_F0011_Z00.tif,-0.0197893847 -0.0970356228 0.0968853965 -0.0196643817 468.9092619150 1322.3737610260,-0.020791 -0.097815 0.097815 -0.020791 469.232307 1322.954447,0.7959917862396375
36,36,36,/allen/aics/modeling/data/registration_test_data/M247514_Rorb_1/EMraw/ribbon0000/M247514_Rorb_1_Ribbon0000_data/session_1836000179/Site 3/S_036_709177566/Tile_r2-c3_S_036_70917_flip_flip.tif,,36/signal_transformed.tiff,36/prediction.tiff,36/prediction_unpropped.tiff,file:/nas3/data/M247514_Rorb_1/processed/deconvolveddata_new/Ribbon0000/Session0003/MBP/MBP_S0036_F0011_Z00.tif,-0.0196894318 -0.0972081255 0.0970588693 -0.0195607182 432.2814564568 1335.3416695073,-0.020791 -0.097815 0.097815 -0.020791 433.232307 1335.954447,0.6591506624646558
37,37,37,/allen/aics/modeling/data/registration_test_data/M247514_Rorb_1/EMraw/ribbon0000/M247514_Rorb_1_Ribbon0000_take3_data/session_1840855416/Site 4/S_037_122100582/Tile_r2-c3_S_037_12210_flip_flip.tif,,37/signal_transformed.tiff,37/prediction.tiff,37/prediction_unpropped.tiff,file:/nas3/data/M247514_Rorb_1/processed/deconvolveddata_new/Ribbon0000/Session0003/MBP/MBP_S0037_F0007_Z00.tif,-0.0388156604 -0.0876130680 0.0873645238 -0.0387204684 1607.1933947901 879.8638985695,-0.097648 0.021559 -0.021559 -0.097648 1851.405405 964.067272,240.3406440539001
38,38,38,/allen/aics/modeling/data/registration_test_data/M247514_Rorb_1/EMraw/ribbon0000/M247514_Rorb_1_Ribbon0000_take2_data/session_1348845486/Site 4/S_038_404791722/Tile_r1-c2_S_038_40479_flip_flip.tif,,38/signal_transformed.tiff,38/prediction.tiff,38/prediction_unpropped.tiff,file:/nas3/data/M247514_Rorb_1/processed/deconvolveddata_new/Ribbon0000/Session0003/MBP/MBP_S0038_F0008_Z00.tif,0.0082608352 0.0968342744 -0.0965805675 0.0081843835 207.1346533332 772.8824987215,0.009498 0.099548 -0.099548 0.009498 206.537679 769.215760,2.6460463691261067
39,39,39,/allen/aics/modeling/data/registration_test_data/M247514_Rorb_1/EMraw/ribbon0000/M247514_Rorb_1_Ribbon0000_take3_data/session_1840855416/Site 4/S_039_1910572817/Tile_r2-c2_S_039_191057_flip_flip.tif,,39/signal_transformed.tiff,39/prediction.tiff,39/prediction_unpropped.tiff,file:/nas3/data/M247514_Rorb_1/processed/deconvolveddata_new/Ribbon0000/Session0003/MBP/MBP_S0039_F0007_Z00.tif,-0.0376284638 -0.0880814445 0.0878075598 -0.0376165321 1648.5801507821 970.3188435614,0.015557 0.098782 -0.098782 0.015557 1594.418900 1350.245228,405.68647766619995
40,40,40,/allen/aics/modeling/data/registration_test_data/M247514_Rorb_1/EMraw/ribbon0000/M247514_Rorb_1_Ribbon0000_data/session_1836000179/Site 3/S_040_1517142915/Tile_r3-c1_S_040_151714_flip_flip.tif,,40/signal_transformed.tiff,40/prediction.tiff,40/prediction_unpropped.tiff,file:/nas3/data/M247514_Rorb_1/processed/deconvolveddata_new/Ribbon0000/Session0003/MBP/MBP_S0040_F0015_Z00.tif,-0.0195293879 -0.0970057022 0.0968741266 -0.0192532582 386.9665859306 1589.1559455123,-0.020791 -0.097815 0.097815 -0.020791 388.232307 1590.954447,1.1630336856553538
41,41,41,/allen/aics/modeling/data/registration_test_data/M247514_Rorb_1/EMraw/ribbon0000/M247514_Rorb_1_Ribbon0000_data/session_1836000179/Site 3/S_041_820391088/Tile_r2-c1_S_041_82039_flip_flip.tif,,41/signal_transformed.tiff,41/prediction.tiff,41/prediction_unpropped.tiff,file:/nas3/data/M247514_Rorb_1/processed/deconvolveddata_new/Ribbon0000/Session0003/MBP/MBP_S0041_F0015_Z00.tif,-0.0196374989 -0.0970093480 0.0969454755 -0.0194550592 503.8944749607 1574.9842846626,-0.020791 -0.097815 0.097815 -0.020791 505.232307 1575.954447,0.8302742963111794
42,42,42,/allen/aics/modeling/data/registration_test_data/M247514_Rorb_1/EMraw/ribbon0000/M247514_Rorb_1_Ribbon0000_data/session_1836000179/Site 3/S_042_603471421/Tile_r1-c3_S_042_60347_flip_flip.tif,,42/signal_transformed.tiff,42/prediction.tiff,42/prediction_unpropped.tiff,file:/nas3/data/M247514_Rorb_1/processed/deconvolveddata_new/Ribbon0000/Session0003/MBP/MBP_S0042_F0015_Z00.tif,-0.0198282658 -0.0971531293 0.0969985523 -0.0197009823 555.0543960037 1319.0236977494,-0.020791 -0.097815 0.097815 -0.020791 555.232307 1319.954447,0.6554502165917085
43,43,43,/allen/aics/modeling/data/registration_test_data/M247514_Rorb_1/EMraw/ribbon0000/M247514_Rorb_1_Ribbon0000_take2_data/session_1348845486/Site 3/S_043_192677078/Tile_r2-c1_S_043_19267_flip_flip.tif,,43/signal_transformed.tiff,43/prediction.tiff,43/prediction_unpropped.tiff,file:/nas3/data/M247514_Rorb_1/processed/deconvolveddata_new/Ribbon0000/Session0003/MBP/MBP_S0043_F0001_Z00.tif,0.0078161940 0.0968447548 -0.0966405696 0.0073816282 1740.2577437960 284.0649691754,-0.009585 -0.099540 0.099540 -0.009585 1512.533717 1094.843146,557.1424304822996
44,44,44,/allen/aics/modeling/data/registration_test_data/M247514_Rorb_1/EMraw/ribbon0000/M247514_Rorb_1_Ribbon0000_take2_data/session_1348845486/Site 3/S_044_243449589/Tile_r2-c2_S_044_24344_flip_flip.tif,,44/signal_transformed.tiff,44/prediction.tiff,44/prediction_unpropped.tiff,file:/nas3/data/M247514_Rorb_1/processed/deconvolveddata_new/Ribbon0000/Session0003/MBP/MBP_S0044_F0001_Z00.tif,0.0070301624 0.0967898227 -0.0965926290 0.0066604361 1744.1301637539 395.8344276913,0.012100 0.099265 -0.099265 0.012100 1042.373674 1396.475855,306.61393730089975
45,45,45,/allen/aics/modeling/data/registration_test_data/M247514_Rorb_1/EMraw/ribbon0000/M247514_Rorb_1_Ribbon0000_take2_data/session_1348845486/Site 4/S_045_887588066/Tile_r2-c1_S_045_88758_flip_flip.tif,,45/signal_transformed.tiff,45/prediction.tiff,45/prediction_unpropped.tiff,file:/nas3/data/M247514_Rorb_1/processed/deconvolveddata_new/Ribbon0000/Session0003/MBP/MBP_S0045_F0008_Z00.tif,0.0061192652 0.0972037452 -0.0969766112 0.0062255794 319.1679952045 626.5248411983,0.006018 0.099819 -0.099819 0.006018 321.350766 624.622612,1.4059722560333054
46,46,46,/allen/aics/modeling/data/registration_test_data/M247514_Rorb_1/EMraw/ribbon0000/M247514_Rorb_1_Ribbon0000_take3_data/session_1840855416/Site 4/S_046_978346121/Tile_r1-c3_S_046_97834_flip_flip.tif,,46/signal_transformed.tiff,46/prediction.tiff,46/prediction_unpropped.tiff,file:/nas3/data/M247514_Rorb_1/processed/deconvolveddata_new/Ribbon0000/Session0003/MBP/MBP_S0046_F0013_Z00.tif,-0.0356646258 -0.0892380040 0.0888298842 -0.0354719753 137.4262042313 861.2227449239,-0.038268 -0.092388 0.092388 -0.038268 1219.410292 1404.992222,1622.012601159348
47,47,47,/allen/aics/modeling/data/registration_test_data/M247514_Rorb_1/EMraw/ribbon0000/M247514_Rorb_1_Ribbon0000_take3_data/session_1840855416/Site 4/S_047_1772686001/Tile_r1-c1_S_047_177268_flip_flip.tif,,47/signal_transformed.tiff,47/prediction.tiff,47/prediction_unpropped.tiff,file:/nas3/data/M247514_Rorb_1/processed/deconvolveddata_new/Ribbon0000/Session0003/MBP/MBP_S0047_F0013_Z00.tif,-0.0353805449 -0.0888657799 0.0885872808 -0.0355505456 251.7900170305 1073.4895868199,-0.042262 -0.090631 0.090631 -0.042262 1225.723286 1418.669454,1309.1339855548001
48,48,48,/allen/aics/modeling/data/registration_test_data/M247514_Rorb_1/EMraw/ribbon0000/M247514_Rorb_1_Ribbon0000_take2_data/session_1348845486/Site 3/S_048_1145002410/Tile_r2-c1_S_048_114500_flip_flip.tif,,48/signal_transformed.tiff,48/prediction.tiff,48/prediction_unpropped.tiff,file:/nas3/data/M247514_Rorb_1/processed/deconvolveddata_new/Ribbon0000/Session0003/MBP/MBP_S0048_F0007_Z00.tif,0.0059739464 0.0973912249 -0.0969685942 0.0054595565 159.5130031342 200.5898608061,0.038268 -0.092388 0.092388 0.038268 1439.007778 1122.589708,2249.9721819265005
49,49,49,/allen/aics/modeling/data/registration_test_data/M247514_Rorb_1/EMraw/ribbon0000/M247514_Rorb_1_Ribbon0000_data/session_1836000179/Site 3/S_049_1574233952/Tile_r1-c1_S_049_157423_flip_flip.tif,,49/signal_transformed.tiff,49/prediction.tiff,49/prediction_unpropped.tiff,file:/nas3/data/M247514_Rorb_1/processed/deconvolveddata_new/Ribbon0000/Session0003/MBP/MBP_S0049_F0015_Z00.tif,-0.0171876347 -0.0975193313 0.0975386869 -0.0169899167 571.8877825237 1493.4832816331,-0.018224 -0.098325 0.098325 -0.018224 572.923546 1494.411782,0.7266378324037717
